nom;y_lat;type_public;Timestamp;RowKey;x_long;num_quartier;PartitionKey;type_acces;payant;cle;operateur;situation;entityid;cp;geometrie;formation;geo_point_2d
Bibliothèque Grand Parc;44.8578601494929;Tous;2015-05-06T11:12:25.1646869Z;eb95d197-6add-45a9-8c12-596b1ced9e0b;-0.584254984261177;2;02b39c8d-ccf2-4b62-bca1-a927820d01e8;Wifi;NON;302;Ville;Externe;02b39c8d-ccf2-4b62-bca1-a927820d01e8;33000;"{""type"": ""Point"", ""coordinates"": [-0.584254984261177, 44.8578601494929]}";non;44.8578601495,-0.584254984261
H14Toit;44.8542727303211;Tous;2015-05-06T11:12:22.8593303Z;b3a19513-594a-4708-bdc1-eeee49161619;-0.565040125534483;2;034b72e8-1e79-4add-9066-fae2f711ea98;Wifi;NON;263;Ville;Externe;034b72e8-1e79-4add-9066-fae2f711ea98;33000;"{""type"": ""Point"", ""coordinates"": [-0.565040125534483, 44.8542727303211]}";non;44.8542727303,-0.565040125534
Bibliothèque Tauzin;44.8204892098459;Tous;2015-05-06T11:12:20.5382068Z;f59fc96d-4302-4390-9188-6ca171bfbb2d;-0.601869931416811;4;1cf8a71f-8842-4ddb-9197-46c715ac3897;Poste libre service;NON;246;Ville;Interne;1cf8a71f-8842-4ddb-9197-46c715ac3897;33000;"{""type"": ""Point"", ""coordinates"": [-0.601869931416811, 44.8204892098459]}";non;44.8204892098,-0.601869931417
Place Saint Michel;44.8342984523836;Tous;2015-05-06T11:12:18.9578567Z;e2d2c98e-a753-43d4-abda-9ffd3578c283;-0.566015567785078;6;21977b0f-7fbb-48f5-b6b0-4b6c4dd9b147;Wifi;NON;271;Ville;Externe;21977b0f-7fbb-48f5-b6b0-4b6c4dd9b147;33000;"{""type"": ""Point"", ""coordinates"": [-0.566015567785078, 44.8342984523836]}";;44.8342984524,-0.566015567785
Club Senior Lumineuse;44.8732525681827;Seniors;2015-05-06T11:12:26.7655248Z;91a20fd8-323a-4136-8d46-c2b4ed16d3f8;-0.54612814234151;1;2cd4c09b-400e-4e09-85e4-ac59d2fa4af6;Poste libre service;OUI;332;Ville;Interne;2cd4c09b-400e-4e09-85e4-ac59d2fa4af6;33000;"{""type"": ""Point"", ""coordinates"": [-0.54612814234151, 44.8732525681827]}";oui;44.8732525682,-0.546128142342
ATHENEE MUNICIPAL;44.8398436651071;Tous;2015-05-06T11:12:21.0621134Z;1376c5db-01e1-4936-8a29-e02fa3d37b0e;-0.576958961500011;3;359ded48-92fd-4986-b5f0-92c3845999d7;Poste libre service;NON;299;Ville;Interne;359ded48-92fd-4986-b5f0-92c3845999d7;33000;"{""type"": ""Point"", ""coordinates"": [-0.576958961500011, 44.8398436651071]}";non;44.8398436651,-0.5769589615
Office de tourisme - Place de la Comédie;44.8435715822149;Tous;2015-05-06T11:12:20.0849138Z;323a1370-7286-4f50-a23e-c0b4085339e7;-0.574260542405202;3;421026fe-a607-40bc-9de4-b36b8bc7f5ed;Wifi;NON;1007;Ville;Externe;421026fe-a607-40bc-9de4-b36b8bc7f5ed;;"{""type"": ""Point"", ""coordinates"": [-0.574260542405202, 44.8435715822149]}";;44.8435715822,-0.574260542405
MEC Parvis 2;44.8392620546689;Tous;2015-05-06T11:12:25.5286548Z;597229bd-ffee-4378-8eab-1b03f7e2aa8d;-0.567515736723729;3;42bd8a05-5793-42b4-ba1c-61905a65ad30;Wifi;NON;308;Ville;Externe;42bd8a05-5793-42b4-ba1c-61905a65ad30;33000;"{""type"": ""Point"", ""coordinates"": [-0.567515736723729, 44.8392620546689]}";non;44.8392620547,-0.567515736724
CCAS;44.8587996228254;Tous;2015-05-06T11:12:23.1800693Z;701666fb-e9af-4f09-bb63-8a1c2af8264c;-0.56898193867724;2;4bc856bc-6777-43d4-a464-9e3287aa49a0;Poste libre service;NON;283;Ville;Interne;4bc856bc-6777-43d4-a464-9e3287aa49a0;33000;"{""type"": ""Point"", ""coordinates"": [-0.56898193867724, 44.8587996228254]}";non;44.8587996228,-0.568981938677
Place Victoire 1;44.8307985828337;Tous;2015-05-06T11:12:27.0474879Z;db08eaaf-ccf3-4452-959c-23d508b2aaec;-0.572389982423059;6;64cef998-e501-4923-9b68-ec08045cad05;Wifi;NON;315;Ville;Externe;64cef998-e501-4923-9b68-ec08045cad05;33000;"{""type"": ""Point"", ""coordinates"": [-0.572389982423059, 44.8307985828337]}";non;44.8307985828,-0.572389982423
Bibliothèque Mériadeck;44.8352894031204;Tous;2015-05-06T11:12:20.7706103Z;bc0a66bd-9eab-4188-a3ee-d871e5130480;-0.58667256654969;3;771554e0-182c-4396-ae22-bdef4c7fadb3;Poste libre service;NON;248;Ville;Interne;771554e0-182c-4396-ae22-bdef4c7fadb3;33000;"{""type"": ""Point"", ""coordinates"": [-0.58667256654969, 44.8352894031204]}";non;44.8352894031,-0.58667256655
Skate3;44.8539034521056;Tous;2015-05-06T11:12:23.5584087Z;bfa79fa4-0332-48ce-a738-368943fba725;-0.565794139097888;2;7dbaeaba-549b-49ad-aec8-939a5f946e9f;Wifi;NON;270;Ville;Externe;7dbaeaba-549b-49ad-aec8-939a5f946e9f;33000;"{""type"": ""Point"", ""coordinates"": [-0.565794139097888, 44.8539034521056]}";non;44.8539034521,-0.565794139098
Annexe Caudéran;44.8521232663924;Tous;2015-05-06T11:12:19.9614978Z;6e6fe165-6120-4187-b15e-9c96148817a2;-0.615162608139202;8;7e696b85-c757-478c-a3fb-3f16d9ed1478;Wifi;NON;1008;Ville;Externe;7e696b85-c757-478c-a3fb-3f16d9ed1478;;"{""type"": ""Point"", ""coordinates"": [-0.615162608139202, 44.8521232663924]}";;44.8521232664,-0.615162608139
Place Saint Projet;44.8389853203685;Tous;2015-05-06T11:12:21.3753109Z;74aaacf9-5ade-49bf-a6d3-cdb105839991;-0.573949476945553;3;80145a79-7189-4869-be85-ef071b759bb8;Wifi;NON;256;Ville;Externe;80145a79-7189-4869-be85-ef071b759bb8;33000;"{""type"": ""Point"", ""coordinates"": [-0.573949476945553, 44.8389853203685]}";non;44.8389853204,-0.573949476946
Place Jean Moulin;44.8386324349361;Tous;2015-05-06T11:12:26.1927814Z;f3a98815-e5fc-4337-8a8e-e22b0f15a77b;-0.577503495803707;3;87490bbf-da79-4941-b77a-4e85b806af93;Wifi;NON;316;Ville;Externe;87490bbf-da79-4941-b77a-4e85b806af93;33000;"{""type"": ""Point"", ""coordinates"": [-0.577503495803707, 44.8386324349361]}";non;44.8386324349,-0.577503495804
DGA;44.8336437547877;Tous;2015-05-06T11:12:26.8055298Z;a6fdbd12-fd26-4b8a-b7f3-2b23ac9400d6;-0.574432450345082;6;a0f06f46-5ee0-4a05-9b8f-6e4659eb4f8b;Poste libre service;NON;327;Ville;Interne;a0f06f46-5ee0-4a05-9b8f-6e4659eb4f8b;33000;"{""type"": ""Point"", ""coordinates"": [-0.574432450345082, 44.8336437547877]}";non;44.8336437548,-0.574432450345
Mission de l'europe;44.8428045490531;Tous;2015-05-06T11:12:25.823873Z;7b304a22-78f4-458b-b751-2ca9679c991c;-0.57107243117208;3;b08cf3e4-5ec1-45b3-bef5-d7d713343ac8;Poste libre service;NON;328;Ville;Interne;b08cf3e4-5ec1-45b3-bef5-d7d713343ac8;33000;"{""type"": ""Point"", ""coordinates"": [-0.57107243117208, 44.8428045490531]}";non;44.8428045491,-0.571072431172
EBA Annexe;44.8306800957878;Tous;2015-05-06T11:12:28.2717146Z;3509b1e7-d817-41a4-8643-5b03e14bd37c;-0.561617879610019;6;b4883caa-44e1-4f82-9ef2-0377b8a94b64;Wifi;NON;965;Ville;Externe;b4883caa-44e1-4f82-9ef2-0377b8a94b64;33000;"{""type"": ""Point"", ""coordinates"": [-0.561617879610019, 44.8306800957878]}";;44.8306800958,-0.56161787961
Mirroir Eau Sud 1;44.8410140620273;Tous;2015-05-06T11:12:25.0007695Z;da749378-efd5-419b-b80a-4729a7e771e2;-0.569200241364265;3;c8092a01-413e-4a00-b1a1-30ded9b3a4ea;Wifi;NON;307;Ville;Externe;c8092a01-413e-4a00-b1a1-30ded9b3a4ea;33000;"{""type"": ""Point"", ""coordinates"": [-0.569200241364265, 44.8410140620273]}";non;44.841014062,-0.569200241364
Skate1;44.8535270165028;Tous;2015-05-06T11:12:21.6007267Z;08fcf496-d722-44fb-9448-6238a8d98092;-0.566277015297812;2;d29f91c8-1482-4e76-9660-0eb6c71aa31b;Wifi;NON;251;Ville;Externe;d29f91c8-1482-4e76-9660-0eb6c71aa31b;33000;"{""type"": ""Point"", ""coordinates"": [-0.566277015297812, 44.8535270165028]}";non;44.8535270165,-0.566277015298
Bibliothèque Bastide;44.8441809608696;Tous;2015-05-06T11:12:28.6901367Z;6ae2f7e7-e6bf-4eff-ac0a-6504665e07fb;-0.542122327198918;7;d4679fd5-bbb6-4859-bc83-053af06e63d4;Poste libre service;NON;336;Ville;Interne;d4679fd5-bbb6-4859-bc83-053af06e63d4;33000;"{""type"": ""Point"", ""coordinates"": [-0.542122327198918, 44.8441809608696]}";non;44.8441809609,-0.542122327199
Martinique;44.8524016896823;Tous;2015-05-06T11:12:26.4337668Z;b9f42c95-6fbf-406b-81c4-7839f76d0d01;-0.567433896865495;2;d5873a50-ca08-4620-9740-1a69d3993ee7;Wifi;NON;309;Ville;Externe;d5873a50-ca08-4620-9740-1a69d3993ee7;33000;"{""type"": ""Point"", ""coordinates"": [-0.567433896865495, 44.8524016896823]}";non;44.8524016897,-0.567433896865
Pey Berland HDV1;44.837711742468;Tous;2015-05-06T11:12:25.8124032Z;c0328006-9f61-47db-8726-7d58b0114f52;-0.578910265324865;3;ebcc0eb3-e9d5-48d6-9b05-1503533be7d6;Wifi;NON;319;Ville;Externe;ebcc0eb3-e9d5-48d6-9b05-1503533be7d6;33000;"{""type"": ""Point"", ""coordinates"": [-0.578910265324865, 44.837711742468]}";non;44.8377117425,-0.578910265325
MEC Parvis 1;44.8392620546689;Tous;2015-05-06T11:12:22.405315Z;e2f5c1f0-26cc-42a5-bf22-05819a3e1592;-0.567515736723729;3;f9dcf104-e188-42c2-b56a-b6df867f7ac8;Wifi;NON;264;Ville;Externe;f9dcf104-e188-42c2-b56a-b6df867f7ac8;33000;"{""type"": ""Point"", ""coordinates"": [-0.567515736723729, 44.8392620546689]}";non;44.8392620547,-0.567515736724
Place Camille Julian;44.8391103676243;Tous;2015-05-06T11:12:25.7854008Z;45e83303-0e27-4d86-8dcf-d974470438ca;-0.571903305826729;3;040d15c8-fe89-41d7-bb8a-601ac6fb6747;Wifi;NON;312;Ville;Externe;040d15c8-fe89-41d7-bb8a-601ac6fb6747;33000;"{""type"": ""Point"", ""coordinates"": [-0.571903305826729, 44.8391103676243]}";non;44.8391103676,-0.571903305827
MEC Toit;44.8387641391926;Tous;2015-05-06T11:12:21.9342186Z;3792dc74-2c09-4b52-9698-ba96aca6bca0;-0.567041126976586;3;0c135b39-7767-4cae-a885-762fc29221f1;Wifi;NON;262;Ville;Externe;0c135b39-7767-4cae-a885-762fc29221f1;33000;"{""type"": ""Point"", ""coordinates"": [-0.567041126976586, 44.8387641391926]}";non;44.8387641392,-0.567041126977
Alsace;44.838454308662;Tous;2015-05-06T11:12:19.7251023Z;5b5ed34c-5e3d-40cb-9352-3e5d43750edc;-0.569112670370342;3;10b10d41-3776-43f9-9965-74c0b2baf254;Wifi;NON;255;Ville;Externe;10b10d41-3776-43f9-9965-74c0b2baf254;33000;"{""type"": ""Point"", ""coordinates"": [-0.569112670370342, 44.838454308662]}";;44.8384543087,-0.56911267037
Bibliothèque Aubiers Est;44.8737831801318;Tous;2015-05-06T11:12:24.671553Z;8cda5ca2-0a1f-415b-bd8f-9c69226eca8e;-0.572855794265409;1;128186dc-0b5b-48c0-b74d-51340767efdb;Wifi;NON;292;Ville;Externe;128186dc-0b5b-48c0-b74d-51340767efdb;33000;"{""type"": ""Point"", ""coordinates"": [-0.572855794265409, 44.8737831801318]}";;44.8737831801,-0.572855794265
Chartron Marche;44.8520594063995;Tous;2015-05-06T11:12:28.5116931Z;377814b9-2615-4c0f-81ff-2de20783cf61;-0.572605659172594;2;2464fe5f-5202-42bb-8163-f5c21a2d54e6;Wifi;NON;961;Ville;Externe;2464fe5f-5202-42bb-8163-f5c21a2d54e6;33000;"{""type"": ""Point"", ""coordinates"": [-0.572605659172594, 44.8520594063995]}";;44.8520594064,-0.572605659173
11 Louis de Jabrun – Point info familles;44.8395591065173;Tous;2015-05-06T11:12:24.0891847Z;03d111c7-72c2-4383-a28d-2bac591fa9d0;-0.576620048679785;3;368610b5-5712-472a-a54b-ba0c068f0bc9;Poste libre service;NON;303;Ville;Interne;368610b5-5712-472a-a54b-ba0c068f0bc9;33000;"{""type"": ""Point"", ""coordinates"": [-0.576620048679785, 44.8395591065173]}";non;44.8395591065,-0.57662004868
Club Senior Billaudel;44.824042601314;Seniors;2015-05-06T11:12:26.9799302Z;bf85260e-8c57-4e1d-8993-bf5429c1e051;-0.564587482367892;6;5400b33e-63b2-40e5-a163-86d25cfc4c1c;Poste libre service;OUI;331;Ville;Interne;5400b33e-63b2-40e5-a163-86d25cfc4c1c;33000;"{""type"": ""Point"", ""coordinates"": [-0.564587482367892, 44.824042601314]}";oui;44.8240426013,-0.564587482368
Chartron Halle;44.8524145706;Tous;2015-05-06T11:12:29.6401562Z;f03b0806-c493-453e-b702-cd016debd0df;-0.572446978093307;2;6d1ebbd3-3769-429e-96e8-963f2a47b934;Wifi;NON;963;Ville;Externe;6d1ebbd3-3769-429e-96e8-963f2a47b934;33000;"{""type"": ""Point"", ""coordinates"": [-0.572446978093307, 44.8524145706]}";;44.8524145706,-0.572446978093
Mairie Annexe Bastide;44.8415587925069;Tous;2015-05-06T11:12:22.522855Z;46a038e2-4367-44db-bb93-3c9b6566df40;-0.552857185264412;7;7204989b-279d-4ab1-87dc-c9607cae90c1;Poste libre service;NON;284;Ville;Interne;7204989b-279d-4ab1-87dc-c9607cae90c1;33000;"{""type"": ""Point"", ""coordinates"": [-0.552857185264412, 44.8415587925069]}";non;44.8415587925,-0.552857185264
MEC Ponton Honneur;44.8392105406195;Tous;2015-05-06T11:12:25.2322342Z;94d84d62-ff5b-4a57-9797-da212f8b5497;-0.566992522704808;3;76c8f06f-ab11-4d96-87ec-492ce0ce42a3;Wifi;NON;300;Ville;Externe;76c8f06f-ab11-4d96-87ec-492ce0ce42a3;33000;"{""type"": ""Point"", ""coordinates"": [-0.566992522704808, 44.8392105406195]}";non;44.8392105406,-0.566992522705
Pey Berland Forges;44.8379430250813;Tous;2015-05-06T11:12:27.1819208Z;9df7d197-7b12-4819-9c95-90cddb72699c;-0.57614629380538;3;78380471-db80-4724-9817-8c511a518d3f;Wifi;NON;318;Ville;Externe;78380471-db80-4724-9817-8c511a518d3f;33000;"{""type"": ""Point"", ""coordinates"": [-0.57614629380538, 44.8379430250813]}";non;44.8379430251,-0.576146293805
Mairie annexe Grand Parc;44.8589432763187;Tous;2015-05-06T11:12:21.7291475Z;a831a316-6803-4a84-8eeb-221228f11114;-0.581533439273732;2;79b5a6a3-fd63-4ccb-939a-c954aff89c6a;Poste libre service;NON;249;Ville;Interne;79b5a6a3-fd63-4ccb-939a-c954aff89c6a;33000;"{""type"": ""Point"", ""coordinates"": [-0.581533439273732, 44.8589432763187]}";non;44.8589432763,-0.581533439274
Bibliothèque Jardin Public;44.8480260833129;Tous;2015-05-06T11:12:23.1895398Z;f73c7e62-0ac4-4815-a12f-aa658786f589;-0.58012286108146;2;86e9bc37-4cd6-4463-ad16-52004c10abee;Poste libre service;NON;287;Ville;Interne;86e9bc37-4cd6-4463-ad16-52004c10abee;33000;"{""type"": ""Point"", ""coordinates"": [-0.58012286108146, 44.8480260833129]}";non;44.8480260833,-0.580122861081
Atelier du Pole Giono;44.8454998643989;Seniors;2015-05-06T11:12:22.2984292Z;558ac9d9-bad8-4a05-9948-645b040affc8;-0.562944756478272;7;95f8b0ce-3f24-4c12-9dc7-d4f8625cc8b9;Poste libre service;NON;286;Ville;Interne;95f8b0ce-3f24-4c12-9dc7-d4f8625cc8b9;33000;"{""type"": ""Point"", ""coordinates"": [-0.562944756478272, 44.8454998643989]}";;44.8454998644,-0.562944756478
Bibliothèque St Augustin;44.8317669819592;Tous;2015-05-06T11:12:27.9770344Z;1c386483-5fb1-43a0-97a6-5990aa97eed1;-0.610846175573378;4;9a6c78ec-690b-4883-a481-b874c19e0949;Poste libre service;NON;335;Ville;Interne;9a6c78ec-690b-4883-a481-b874c19e0949;33000;"{""type"": ""Point"", ""coordinates"": [-0.610846175573378, 44.8317669819592]}";non;44.831766982,-0.610846175573
Bibliothèque Son Tay;44.8247464424864;Tous;2015-05-06T11:12:24.9702952Z;347b5e7f-e385-4d9d-ad85-b5da5156a8fe;-0.551660145769663;6;9b9eb3ce-81f7-4836-9670-5d9f665228cf;Poste libre service;NON;289;Ville;Interne;9b9eb3ce-81f7-4836-9670-5d9f665228cf;33000;"{""type"": ""Point"", ""coordinates"": [-0.551660145769663, 44.8247464424864]}";non;44.8247464425,-0.55166014577
Grand Parc Centre Commercial;44.8599395812081;Tous;2015-05-06T11:12:27.6026319Z;38d7bc3b-5efc-4f64-996e-0c2c7656d197;-0.582288048099357;2;a4dda340-4c58-41c3-b340-7cf3f506d60d;Wifi;NON;964;Ville;Externe;a4dda340-4c58-41c3-b340-7cf3f506d60d;33000;"{""type"": ""Point"", ""coordinates"": [-0.582288048099357, 44.8599395812081]}";;44.8599395812,-0.582288048099
Hangar G2;44.8631813311128;Tous;2015-05-06T11:12:19.7146299Z;ccb697b8-59dc-46f9-9246-114a6a10eb99;-0.555275779834489;1;b6e6ee0d-024e-4388-82f0-fb2e7d0e0fc0;Wifi;NON;1009;Ville;Externe;b6e6ee0d-024e-4388-82f0-fb2e7d0e0fc0;;"{""type"": ""Point"", ""coordinates"": [-0.555275779834489, 44.8631813311128]}";;44.8631813311,-0.555275779834
Jardin Botanique 2;44.8445693741644;Tous;2015-05-06T11:12:22.2759534Z;25911ae4-59a5-4b78-8b90-b5b761ca0ad6;-0.55877795930834;7;ba52604a-7920-443b-bae6-72876d481e3a;Wifi;NON;278;Ville;Externe;ba52604a-7920-443b-bae6-72876d481e3a;33000;"{""type"": ""Point"", ""coordinates"": [-0.55877795930834, 44.8445693741644]}";;44.8445693742,-0.558777959308
Club senior Manon Cormier;44.8313735113726;Seniors;2015-05-06T11:12:24.249563Z;b5256448-2334-4c8e-a57a-0c221ba71f0d;-0.590466286287994;4;c1a4e68d-3aa9-4fb9-baa8-6c218b284e5e;Poste libre service;OUI;298;Ville;Interne;c1a4e68d-3aa9-4fb9-baa8-6c218b284e5e;33000;"{""type"": ""Point"", ""coordinates"": [-0.590466286287994, 44.8313735113726]}";oui;44.8313735114,-0.590466286288
Place Victoire 2;44.8309830857822;Tous;2015-05-06T11:12:24.9912984Z;b67a36c1-f52b-4eff-9f38-e62c45083f91;-0.572865956295554;6;d7f1ab38-2495-4b85-9b35-8cb73d004911;Wifi;NON;305;Ville;Externe;d7f1ab38-2495-4b85-9b35-8cb73d004911;33000;"{""type"": ""Point"", ""coordinates"": [-0.572865956295554, 44.8309830857822]}";non;44.8309830858,-0.572865956296
Quai Sport Maison Jardinier;44.8321808329079;Tous;2015-05-06T11:12:28.9197988Z;bc249da2-ddb5-4d28-ad65-781ba6b60677;-0.558416750698445;6;d9e7fa22-c53d-447d-8e47-848db1b2dcac;Wifi;NON;1010;Ville;Externe;d9e7fa22-c53d-447d-8e47-848db1b2dcac;;"{""type"": ""Point"", ""coordinates"": [-0.558416750698445, 44.8321808329079]}";;44.8321808329,-0.558416750698
Conservatoire;44.8312524242836;Tous;2015-05-06T11:12:20.8930284Z;55a44ec5-4298-4539-88d6-ab4b5dcba268;-0.560036618832484;6;e9ed2191-2100-491c-a1ba-648b49a483ab;Wifi;NON;321;Ville;Externe;e9ed2191-2100-491c-a1ba-648b49a483ab;33000;"{""type"": ""Point"", ""coordinates"": [-0.560036618832484, 44.8312524242836]}";;44.8312524243,-0.560036618832
Bibliothèque St Michel;44.8308409214513;Tous;2015-05-06T11:12:28.248179Z;7e6512f5-527f-4137-ab62-c87297daf932;-0.566911648044833;6;ecfca680-f9b3-4d11-afdb-d40b5eec5b13;Poste libre service;NON;334;Ville;Interne;ecfca680-f9b3-4d11-afdb-d40b5eec5b13;33000;"{""type"": ""Point"", ""coordinates"": [-0.566911648044833, 44.8308409214513]}";non;44.8308409215,-0.566911648045
Bibliothèque Aubiers Ouest;44.873678947015;Tous;2015-05-06T11:12:24.4585362Z;7e6760a7-9204-4387-b0a7-2e7854604367;-0.573212400039588;1;f2bfcc73-23ca-497b-9263-763acc9e7520;Wifi;NON;293;Ville;Externe;f2bfcc73-23ca-497b-9263-763acc9e7520;33000;"{""type"": ""Point"", ""coordinates"": [-0.573212400039588, 44.873678947015]}";;44.873678947,-0.57321240004
Club senior A. Faulat;44.8462189190718;Seniors;2015-05-06T11:12:25.3716652Z;6cc17a53-6467-4921-b2b2-33abea46905e;-0.614750435146855;8;fac569c7-82b2-4d51-b05c-2e26b0876d5d;Poste libre service;OUI;297;Ville;Interne;fac569c7-82b2-4d51-b05c-2e26b0876d5d;33000;"{""type"": ""Point"", ""coordinates"": [-0.614750435146855, 44.8462189190718]}";oui;44.8462189191,-0.614750435147
Mirroir Eau Nord 2;44.8422218729537;Tous;2015-05-06T11:12:28.0539639Z;3c3259e7-a553-498f-a898-f0f93718a1af;-0.569721776676866;3;fd6946ef-a416-4b50-af60-ca7aa8e76d60;Wifi;NON;311;Ville;Externe;fd6946ef-a416-4b50-af60-ca7aa8e76d60;33000;"{""type"": ""Point"", ""coordinates"": [-0.569721776676866, 44.8422218729537]}";non;44.842221873,-0.569721776677
Bibliothèque Lac;44.8737352808529;Tous;2015-05-06T11:12:21.3558366Z;7623302a-03ed-45ad-99d7-b396c9e0bbc7;-0.572938002888903;1;10982f47-f5df-4e90-aae5-1bd6e9795770;Poste libre service;NON;250;Ville;Interne;10982f47-f5df-4e90-aae5-1bd6e9795770;33000;"{""type"": ""Point"", ""coordinates"": [-0.572938002888903, 44.8737352808529]}";non;44.8737352809,-0.572938002889
Mairie annexe Caudéran;44.8521992462704;Tous;2015-05-06T11:12:24.0946546Z;bacaf193-a4a8-48df-ad67-e8911f47e3d1;-0.615540888697352;8;159ada25-d693-4cf1-aafd-ba7e7b4d76ea;Poste libre service;NON;301;Ville;Interne;159ada25-d693-4cf1-aafd-ba7e7b4d76ea;33000;"{""type"": ""Point"", ""coordinates"": [-0.615540888697352, 44.8521992462704]}";non;44.8521992463,-0.615540888697
Ibaia;44.8500304622651;Tous;2015-05-06T11:12:21.4791904Z;d1cc8d70-7aeb-4b63-bf9c-638cc2c6f15d;-0.56945597398709;2;27c5ad7a-f39c-4a2f-bb57-905bfcc7accf;Wifi;NON;277;Ville;Externe;27c5ad7a-f39c-4a2f-bb57-905bfcc7accf;33000;"{""type"": ""Point"", ""coordinates"": [-0.56945597398709, 44.8500304622651]}";;44.8500304623,-0.569455973987
Club Senior Magendie;44.8332183324786;Seniors;2015-05-06T11:12:25.9877979Z;70011426-c991-444d-aa05-740faccda950;-0.575700287391315;6;3fc088ae-1d38-44fd-bbe9-2e034b69e15d;Poste libre service;OUI;330;Ville;Interne;3fc088ae-1d38-44fd-bbe9-2e034b69e15d;33000;"{""type"": ""Point"", ""coordinates"": [-0.575700287391315, 44.8332183324786]}";oui;44.8332183325,-0.575700287391
Mirroir Eau Nord 1;44.8422218729537;Tous;2015-05-06T11:12:27.3468771Z;70989420-0463-4a6b-b08a-01eea733eb1c;-0.569721776676866;3;418ac23c-87c2-4ec3-87b4-bba24b7f2f9e;Wifi;NON;310;Ville;Externe;418ac23c-87c2-4ec3-87b4-bba24b7f2f9e;33000;"{""type"": ""Point"", ""coordinates"": [-0.569721776676866, 44.8422218729537]}";non;44.842221873,-0.569721776677
Mairie annexe St Augustin;44.8329617080137;Tous;2015-05-06T11:12:27.8385984Z;7743bb8d-f609-4c87-8f1e-891864cde84e;-0.611203453401391;4;4ff7f9a5-cc21-4c46-a200-60662ea79b27;Poste libre service;NON;337;Ville;Interne;4ff7f9a5-cc21-4c46-a200-60662ea79b27;33000;"{""type"": ""Point"", ""coordinates"": [-0.611203453401391, 44.8329617080137]}";non;44.832961708,-0.611203453401
Mirroir Eau Sud 2;44.8410140620273;Tous;2015-05-06T11:12:24.3311088Z;3ddd9bec-c429-4fc3-95e7-a1925036a200;-0.569200241364265;3;531c7094-aafb-4556-9f30-09d15aa24e1f;Wifi;NON;306;Ville;Externe;531c7094-aafb-4556-9f30-09d15aa24e1f;33000;"{""type"": ""Point"", ""coordinates"": [-0.569200241364265, 44.8410140620273]}";non;44.841014062,-0.569200241364
Patinoire Mériadeck;44.835180548989;Tous;2015-05-06T11:12:19.816962Z;672e3e6b-aced-41dc-8b87-1004f9ad4535;-0.588037974686414;3;56e1c9a3-4e3d-4d3a-beed-c9e2f6142764;Wifi;NON;1013;;Interne;56e1c9a3-4e3d-4d3a-beed-c9e2f6142764;;"{""type"": ""Point"", ""coordinates"": [-0.588037974686414, 44.835180548989]}";;44.835180549,-0.588037974686
Bibliothèque Bacalan;44.8730804059259;Tous;2015-05-06T11:12:23.4229821Z;74767058-07aa-4f6b-bdc8-25d2b6fc8457;-0.5461534697722;1;5960ae94-9c11-422a-88aa-97103bf9c846;Poste libre service;NON;285;Ville;Interne;5960ae94-9c11-422a-88aa-97103bf9c846;33000;"{""type"": ""Point"", ""coordinates"": [-0.5461534697722, 44.8730804059259]}";non;44.8730804059,-0.546153469772
Bibliothèque Grand Parc;44.8567411146206;Tous;2015-05-06T11:12:23.3124374Z;2d217564-458d-43e1-a64d-d1c6dc6de633;-0.583625651534337;2;6a72c50e-fda3-4959-80d7-98ee9f948741;Poste libre service;NON;288;Ville;Interne;6a72c50e-fda3-4959-80d7-98ee9f948741;33000;"{""type"": ""Point"", ""coordinates"": [-0.583625651534337, 44.8567411146206]}";non;44.8567411146,-0.583625651534
Skate2;44.853716622717;Tous;2015-05-06T11:12:22.6552789Z;fd44fdb5-8c7e-4cbc-b1ce-bc743e880354;-0.566037672243968;2;7e007e2c-2869-48d4-8752-dd2c19027a5a;Wifi;NON;269;Ville;Externe;7e007e2c-2869-48d4-8752-dd2c19027a5a;33000;"{""type"": ""Point"", ""coordinates"": [-0.566037672243968, 44.853716622717]}";non;44.8537166227,-0.566037672244
Bibliothèque Bastide;44.8440508455854;Tous;2015-05-06T11:12:26.051349Z;ba4680f7-b0ae-4d99-b4bc-35ad27f8a4c1;-0.542220092867005;7;846dad39-cde0-4925-a838-6d168df6c543;Wifi;NON;313;Ville;Externe;846dad39-cde0-4925-a838-6d168df6c543;33000;"{""type"": ""Point"", ""coordinates"": [-0.542220092867005, 44.8440508455854]}";;44.8440508456,-0.542220092867
Jardin Botanique 1;44.8443499096176;Tous;2015-05-06T11:12:20.2400124Z;252d1655-5a83-4db5-8e41-dd53d8446c42;-0.55827184189155;7;942ad8f7-f097-4557-b71a-c5d75f1032ae;Wifi;NON;259;Ville;Externe;942ad8f7-f097-4557-b71a-c5d75f1032ae;33000;"{""type"": ""Point"", ""coordinates"": [-0.55827184189155, 44.8443499096176]}";;44.8443499096,-0.558271841892
EBA;44.8307465140602;Tous;2015-05-06T11:12:29.0650859Z;46ca9018-07e5-488e-896a-20ade3d7d2ae;-0.560807267688721;6;9b4d187d-36e3-4372-ac71-cabe86714321;Wifi;NON;962;Ville;Externe;9b4d187d-36e3-4372-ac71-cabe86714321;33000;"{""type"": ""Point"", ""coordinates"": [-0.560807267688721, 44.8307465140602]}";;44.8307465141,-0.560807267689
Mairie Annexe Bacalan;44.8733767377706;Tous;2015-05-06T11:12:23.7544385Z;d1dc9b38-5765-4bec-b6a8-ca34072bc1f7;-0.545965462038406;1;9c8720e7-87ce-4da4-a170-ed1639e252b6;Poste libre service;NON;290;Ville;Interne;9c8720e7-87ce-4da4-a170-ed1639e252b6;33000;"{""type"": ""Point"", ""coordinates"": [-0.545965462038406, 44.8733767377706]}";non;44.8733767378,-0.545965462038
Esplanade Sport1;44.8325362751921;Tous;2015-05-06T11:12:20.5257325Z;d5509bef-708d-4de2-b495-f7286326d287;-0.559472483829691;6;a738604b-a6f1-4b43-974c-699efd4ede18;Wifi;NON;323;Ville;Externe;a738604b-a6f1-4b43-974c-699efd4ede18;33000;"{""type"": ""Point"", ""coordinates"": [-0.559472483829691, 44.8325362751921]}";;44.8325362752,-0.55947248383
Office de tourisme - Quinconce;44.8437230928344;Tous;2015-05-06T11:12:18.1997654Z;80723dad-2dc6-49d1-967e-15ead84d1ae1;-0.574176061782873;3;ab62dac7-13e4-44d5-a8a7-f43ccec93182;Wifi;NON;1006;Ville;Externe;ab62dac7-13e4-44d5-a8a7-f43ccec93182;;"{""type"": ""Point"", ""coordinates"": [-0.574176061782873, 44.8437230928344]}";;44.8437230928,-0.574176061783
Atelier du Pole Brach;44.8390063085784;Seniors;2015-05-06T11:12:27.5646271Z;e9630569-c0f2-4e91-96ef-1c6643d013f7;-0.594615831920461;3;d225253b-4ee7-456f-b6fb-8f6966970cce;Poste libre service;OUI;333;Ville;Interne;d225253b-4ee7-456f-b6fb-8f6966970cce;33000;"{""type"": ""Point"", ""coordinates"": [-0.594615831920461, 44.8390063085784]}";oui;44.8390063086,-0.59461583192
Hotel de Ville;44.8381751334157;Tous;2015-05-06T11:12:26.8169988Z;338073c6-ca30-4a07-b8d9-3eb2aea44492;-0.579334526052336;3;e27ef728-4ffb-4db2-ade8-c57ebf29e63c;Poste libre service;NON;329;Ville;Interne;e27ef728-4ffb-4db2-ade8-c57ebf29e63c;33000;"{""type"": ""Point"", ""coordinates"": [-0.579334526052336, 44.8381751334157]}";non;44.8381751334,-0.579334526052
